{
    "Spk1": {
        "Block1-Initial": {
            "baseline_mcd": 7.95945405960083,
            "invariant_mcd": 8.209734916687012
        },
        "Block3-Eval1": {
            "baseline_mcd": 7.826936721801758,
            "invariant_mcd": 8.097443580627441
        },
        "Block5-Eval2": {
            "baseline_mcd": 8.046073913574219,
            "invariant_mcd": 8.30596399307251
        },
        "Block7-Eval3": {
            "baseline_mcd": 7.943818092346191,
            "invariant_mcd": 8.243093490600586
        }
    },
    "Spk2": {
        "Block1-Initial": {
            "baseline_mcd": 8.250640551249186,
            "invariant_mcd": 8.257850170135498
        },
        "Block3-Eval1": {
            "baseline_mcd": 8.13664174079895,
            "invariant_mcd": 8.145378828048706
        },
        "Block5-Eval2": {
            "baseline_mcd": 8.294466018676758,
            "invariant_mcd": 8.414314270019531
        },
        "Block7-Eval3": {
            "baseline_mcd": 8.205064535140991,
            "invariant_mcd": 8.319620370864868
        }
    }
}